index,dataset,prompt_id,prompt_lang,accuracy,micro_prec,micro_rec,micro_f1_score,macro_prec,macro_rec,macro_f1_score,weighted_prec,weighted_rec,weighted_f1_score
0,truthfulqa,0,eng,0.4504283965728274,0.4504283965728274,0.4504283965728274,0.4504283965728274,0.2,0.09008567931456549,0.12421940928270044,1.0,0.4504283965728274,0.6210970464135022
1,truthfulqa,1,eng,0.4149326805385557,0.4149326805385557,0.4149326805385557,0.4149326805385557,0.2,0.08298653610771115,0.11730103806228373,1.0,0.4149326805385557,0.5865051903114187
2,truthfulqa,2,eng,0.47613219094247244,0.47613219094247244,0.47613219094247244,0.47613219094247244,0.2,0.0952264381884945,0.12902155887230513,1.0,0.47613219094247244,0.6451077943615257
3,truthfulqa,3,eng,0.572827417380661,0.572827417380661,0.572827417380661,0.572827417380661,0.2,0.1145654834761322,0.14568093385214007,1.0,0.572827417380661,0.7284046692607004
