index,dataset,prompt_id,prompt_lang,accuracy,micro_prec,micro_rec,micro_f1_score,macro_prec,macro_rec,macro_f1_score,weighted_prec,weighted_rec,weighted_f1_score
0,truthfulqa,0,ind,0.10526315789473684,0.10526315789473684,0.10526315789473684,0.10526315789473684,0.2,0.021052631578947368,0.03809523809523809,1.0,0.10526315789473684,0.19047619047619047
1,truthfulqa,1,ind,0.05385556915544676,0.05385556915544676,0.05385556915544676,0.05385556915544676,0.2,0.010771113831089352,0.020441347270615563,1.0,0.05385556915544676,0.10220673635307782
2,truthfulqa,2,ind,0.08935128518971848,0.08935128518971848,0.08935128518971848,0.08935128518971848,0.2,0.017870257037943697,0.03280898876404494,1.0,0.08935128518971848,0.16404494382022472
3,truthfulqa,3,ind,0.16279069767441862,0.16279069767441862,0.16279069767441862,0.16279069767441862,0.2,0.03255813953488372,0.05600000000000001,1.0,0.16279069767441862,0.28
