index,dataset,prompt_id,prompt_lang,accuracy,micro_prec,micro_rec,micro_f1_score,macro_prec,macro_rec,macro_f1_score,weighted_prec,weighted_rec,weighted_f1_score
0,truthfulqa,0,ind,0.966952264381885,0.966952264381885,0.966952264381885,0.966952264381885,0.2,0.193390452876377,0.19663970130678282,1.0,0.966952264381885,0.9831985065339142
1,truthfulqa,1,ind,0.97796817625459,0.97796817625459,0.97796817625459,0.97796817625459,0.2,0.195593635250918,0.19777227722772278,1.0,0.97796817625459,0.9888613861386139
2,truthfulqa,2,ind,0.9877600979192166,0.9877600979192166,0.9877600979192166,0.9877600979192166,0.25,0.24694002447980415,0.24846059113300492,1.0,0.9877600979192166,0.9938423645320197
3,truthfulqa,3,ind,0.9804161566707467,0.9804161566707467,0.9804161566707467,0.9804161566707467,0.2,0.19608323133414934,0.1980222496909765,1.0,0.9804161566707467,0.9901112484548825
