index,dataset,prompt_id,prompt_lang,accuracy,micro_prec,micro_rec,micro_f1_score,macro_prec,macro_rec,macro_f1_score,weighted_prec,weighted_rec,weighted_f1_score
0,truthfulqa,0,eng,0.9694002447980417,0.9694002447980417,0.9694002447980417,0.9694002447980417,0.5,0.4847001223990208,0.49223119950279676,1.0,0.9694002447980417,0.9844623990055934
1,truthfulqa,1,eng,0.9902080783353733,0.9902080783353733,0.9902080783353733,0.9902080783353733,0.5,0.49510403916768664,0.497539975399754,1.0,0.9902080783353733,0.995079950799508
2,truthfulqa,2,eng,0.9865361077111383,0.9865361077111383,0.9865361077111383,0.9865361077111383,0.3333333333333333,0.3288453692370461,0.3310741425344013,1.0,0.9865361077111383,0.9932224276032039
3,truthfulqa,3,eng,0.9902080783353733,0.9902080783353733,0.9902080783353733,0.9902080783353733,0.5,0.49510403916768664,0.497539975399754,1.0,0.9902080783353733,0.995079950799508
