index,dataset,prompt_id,prompt_lang,accuracy,micro_prec,micro_rec,micro_f1_score,macro_prec,macro_rec,macro_f1_score,weighted_prec,weighted_rec,weighted_f1_score
0,truthfulqa,0,eng,0.9755201958384333,0.9755201958384333,0.9755201958384333,0.9755201958384333,0.3333333333333333,0.3251733986128111,0.3292028087567121,1.0,0.9755201958384333,0.9876084262701363
1,truthfulqa,1,eng,0.9865361077111383,0.9865361077111383,0.9865361077111383,0.9865361077111383,0.25,0.24663402692778458,0.24830560690080097,1.0,0.9865361077111383,0.9932224276032039
2,truthfulqa,2,eng,0.9694002447980417,0.9694002447980417,0.9694002447980417,0.9694002447980417,0.3333333333333333,0.32313341493268055,0.3281541330018645,1.0,0.9694002447980417,0.9844623990055934
3,truthfulqa,3,eng,0.9938800489596084,0.9938800489596084,0.9938800489596084,0.9938800489596084,0.3333333333333333,0.3312933496532028,0.33231021076324946,1.0,0.9938800489596084,0.9969306322897483
