index,dataset,prompt_id,prompt_lang,accuracy,micro_prec,micro_rec,micro_f1_score,macro_prec,macro_rec,macro_f1_score,weighted_prec,weighted_rec,weighted_f1_score
0,truthfulqa,0,ind,0.9314565483476133,0.9314565483476133,0.9314565483476133,0.9314565483476133,0.2,0.18629130966952265,0.19290240811153359,1.0,0.9314565483476133,0.9645120405576679
1,truthfulqa,1,ind,0.9706242350061199,0.9706242350061199,0.9706242350061199,0.9706242350061199,0.25,0.24265605875152998,0.24627329192546585,1.0,0.9706242350061199,0.9850931677018634
2,truthfulqa,2,ind,0.9632802937576499,0.9632802937576499,0.9632802937576499,0.9632802937576499,0.25,0.24082007343941247,0.24532418952618454,1.0,0.9632802937576499,0.9812967581047382
3,truthfulqa,3,ind,0.9106487148102815,0.9106487148102815,0.9106487148102815,0.9106487148102815,0.2,0.1821297429620563,0.1906470211402947,1.0,0.9106487148102815,0.9532351057014734
