index,dataset,prompt_id,prompt_lang,accuracy,micro_prec,micro_rec,micro_f1_score,macro_prec,macro_rec,macro_f1_score,weighted_prec,weighted_rec,weighted_f1_score
0,truthfulqa,0,eng,0.5373317013463892,0.5373317013463892,0.5373317013463892,0.5373317013463892,0.2,0.10746634026927784,0.13980891719745223,1.0,0.5373317013463892,0.6990445859872613
1,truthfulqa,1,eng,0.6083231334149327,0.6083231334149327,0.6083231334149327,0.6083231334149327,0.2,0.12166462668298654,0.1512937595129376,1.0,0.6083231334149327,0.7564687975646881
2,truthfulqa,2,eng,0.6952264381884945,0.6952264381884945,0.6952264381884945,0.6952264381884945,0.2,0.1390452876376989,0.164043321299639,1.0,0.6952264381884945,0.8202166064981949
3,truthfulqa,3,eng,0.5813953488372093,0.5813953488372093,0.5813953488372093,0.5813953488372093,0.2,0.11627906976744187,0.14705882352941177,1.0,0.5813953488372093,0.7352941176470589
