index,dataset,prompt_id,prompt_lang,accuracy,micro_prec,micro_rec,micro_f1_score,macro_prec,macro_rec,macro_f1_score,weighted_prec,weighted_rec,weighted_f1_score
0,truthfulqa,0,eng,0.9975520195838433,0.9975520195838433,0.9975520195838433,0.9975520195838433,0.5,0.49877600979192166,0.4993872549019608,1.0,0.9975520195838433,0.9987745098039217
1,truthfulqa,1,eng,0.9681762545899633,0.9681762545899633,0.9681762545899633,0.9681762545899633,0.2,0.19363525091799266,0.19676616915422887,1.0,0.9681762545899633,0.9838308457711444
2,truthfulqa,2,eng,0.9351285189718482,0.9351285189718482,0.9351285189718482,0.9351285189718482,0.2,0.18702570379436964,0.1932953826691967,1.0,0.9351285189718482,0.9664769133459836
3,truthfulqa,3,eng,0.9620563035495716,0.9620563035495716,0.9620563035495716,0.9620563035495716,0.2,0.19241126070991432,0.19613225202744852,1.0,0.9620563035495716,0.9806612601372426
