index,dataset,prompt_id,prompt_lang,accuracy,micro_prec,micro_rec,micro_f1_score,macro_prec,macro_rec,macro_f1_score,weighted_prec,weighted_rec,weighted_f1_score
0,truthfulqa,0,ind,0.99265605875153,0.99265605875153,0.99265605875153,0.99265605875153,0.25,0.2481640146878825,0.24907862407862408,1.0,0.99265605875153,0.9963144963144963
1,truthfulqa,1,ind,0.9914320685434517,0.9914320685434517,0.9914320685434517,0.9914320685434517,0.3333333333333333,0.33047735618115054,0.33189920098340503,1.0,0.9914320685434517,0.9956976029502151
2,truthfulqa,2,ind,0.9914320685434517,0.9914320685434517,0.9914320685434517,0.9914320685434517,0.3333333333333333,0.33047735618115054,0.33189920098340503,1.0,0.9914320685434517,0.9956976029502151
3,truthfulqa,3,ind,0.9742962056303549,0.9742962056303549,0.9742962056303549,0.9742962056303549,0.25,0.24357405140758873,0.2467451952882827,1.0,0.9742962056303549,0.9869807811531308
