index,dataset,prompt_id,prompt_lang,accuracy,micro_prec,micro_rec,micro_f1_score,macro_prec,macro_rec,macro_f1_score,weighted_prec,weighted_rec,weighted_f1_score
0,truthfulqa,0,ind,0.4418604651162791,0.4418604651162791,0.4418604651162791,0.4418604651162791,0.2,0.08837209302325581,0.12258064516129033,1.0,0.4418604651162791,0.6129032258064516
1,truthfulqa,1,ind,0.47613219094247244,0.47613219094247244,0.47613219094247244,0.47613219094247244,0.25,0.11903304773561811,0.1612769485903814,1.0,0.47613219094247244,0.6451077943615257
2,truthfulqa,2,ind,0.43818849449204406,0.43818849449204406,0.43818849449204406,0.43818849449204406,0.2,0.0876376988984088,0.12187234042553192,1.0,0.43818849449204406,0.6093617021276596
3,truthfulqa,3,ind,0.408812729498164,0.408812729498164,0.408812729498164,0.408812729498164,0.2,0.0817625458996328,0.1160729800173762,1.0,0.408812729498164,0.580364900086881
