index,dataset,prompt_id,prompt_lang,accuracy,micro_prec,micro_rec,micro_f1_score,macro_prec,macro_rec,macro_f1_score,weighted_prec,weighted_rec,weighted_f1_score
0,truthfulqa,0,ind,0.7197062423500612,0.7197062423500612,0.7197062423500612,0.7197062423500612,0.25,0.1799265605875153,0.2092526690391459,1.0,0.7197062423500612,0.8370106761565836
1,truthfulqa,1,ind,0.5446756425948592,0.5446756425948592,0.5446756425948592,0.5446756425948592,0.2,0.10893512851897184,0.14104595879556261,1.0,0.5446756425948592,0.705229793977813
2,truthfulqa,2,ind,0.43451652386780903,0.43451652386780903,0.43451652386780903,0.43451652386780903,0.2,0.08690330477356181,0.12116040955631399,1.0,0.43451652386780903,0.60580204778157
3,truthfulqa,3,ind,0.4394124847001224,0.4394124847001224,0.4394124847001224,0.4394124847001224,0.25,0.1098531211750306,0.1526360544217687,1.0,0.4394124847001224,0.6105442176870748
