index,dataset,prompt_id,prompt_lang,accuracy,micro_prec,micro_rec,micro_f1_score,macro_prec,macro_rec,macro_f1_score,weighted_prec,weighted_rec,weighted_f1_score
0,truthfulqa,0,ind,0.8237454100367197,0.8237454100367197,0.8237454100367197,0.8237454100367197,0.2,0.16474908200734395,0.1806711409395973,1.0,0.8237454100367197,0.9033557046979865
1,truthfulqa,1,ind,0.780905752753978,0.780905752753978,0.780905752753978,0.780905752753978,0.2,0.1561811505507956,0.17539518900343642,1.0,0.780905752753978,0.8769759450171821
2,truthfulqa,2,ind,0.806609547123623,0.806609547123623,0.806609547123623,0.806609547123623,0.2,0.1613219094247246,0.1785907859078591,1.0,0.806609547123623,0.8929539295392954
3,truthfulqa,3,ind,0.7723378212974297,0.7723378212974297,0.7723378212974297,0.7723378212974297,0.2,0.15446756425948593,0.17430939226519337,1.0,0.7723378212974297,0.8715469613259669
