index,dataset,prompt_id,prompt_lang,accuracy,micro_prec,micro_rec,micro_f1_score,macro_prec,macro_rec,macro_f1_score,weighted_prec,weighted_rec,weighted_f1_score
0,truthfulqa,0,ind,0.7552019583843329,0.7552019583843329,0.7552019583843329,0.7552019583843329,0.2,0.1510403916768666,0.17210599721059971,1.0,0.7552019583843329,0.8605299860529986
1,truthfulqa,1,ind,0.9020807833537332,0.9020807833537332,0.9020807833537332,0.9020807833537332,0.2,0.18041615667074665,0.1897039897039897,1.0,0.9020807833537332,0.9485199485199485
2,truthfulqa,2,ind,0.8751529987760098,0.8751529987760098,0.8751529987760098,0.8751529987760098,0.2,0.17503059975520197,0.1866840731070496,1.0,0.8751529987760098,0.933420365535248
3,truthfulqa,3,ind,0.8506731946144431,0.8506731946144431,0.8506731946144431,0.8506731946144431,0.2,0.17013463892288863,0.18386243386243387,1.0,0.8506731946144431,0.9193121693121693
