index,dataset,prompt_id,prompt_lang,accuracy,micro_prec,micro_rec,micro_f1_score,macro_prec,macro_rec,macro_f1_score,weighted_prec,weighted_rec,weighted_f1_score
0,truthfulqa,0,eng,0.10526315789473684,0.10526315789473684,0.10526315789473684,0.10526315789473684,0.2,0.021052631578947368,0.03809523809523809,1.0,0.10526315789473684,0.19047619047619047
1,truthfulqa,1,eng,0.1835985312117503,0.1835985312117503,0.1835985312117503,0.1835985312117503,0.2,0.03671970624235006,0.062047569803516035,1.0,0.1835985312117503,0.31023784901758017
2,truthfulqa,2,eng,0.3427172582619339,0.3427172582619339,0.3427172582619339,0.3427172582619339,0.2,0.06854345165238677,0.10209662716499543,1.0,0.3427172582619339,0.5104831358249772
3,truthfulqa,3,eng,0.3818849449204406,0.3818849449204406,0.3818849449204406,0.3818849449204406,0.2,0.07637698898408812,0.11054030115146148,1.0,0.3818849449204406,0.5527015057573074
