index,dataset,prompt_id,prompt_lang,accuracy,micro_prec,micro_rec,micro_f1_score,macro_prec,macro_rec,macro_f1_score,weighted_prec,weighted_rec,weighted_f1_score
0,truthfulqa,0,eng,0.8971848225214198,0.8971848225214198,0.8971848225214198,0.8971848225214198,0.2,0.17943696450428398,0.18916129032258064,1.0,0.8971848225214198,0.9458064516129032
1,truthfulqa,1,eng,0.8212974296205631,0.8212974296205631,0.8212974296205631,0.8212974296205631,0.2,0.1642594859241126,0.1803763440860215,1.0,0.8212974296205631,0.9018817204301076
2,truthfulqa,2,eng,0.7760097919216646,0.7760097919216646,0.7760097919216646,0.7760097919216646,0.2,0.15520195838433293,0.17477601654031702,1.0,0.7760097919216646,0.8738800827015851
3,truthfulqa,3,eng,0.8127294981640147,0.8127294981640147,0.8127294981640147,0.8127294981640147,0.2,0.16254589963280294,0.17933828494260634,1.0,0.8127294981640147,0.8966914247130318
