index,dataset,prompt_id,prompt_lang,accuracy,micro_prec,micro_rec,micro_f1_score,macro_prec,macro_rec,macro_f1_score,weighted_prec,weighted_rec,weighted_f1_score
0,truthfulqa,0,eng,0.966952264381885,0.966952264381885,0.966952264381885,0.966952264381885,0.2,0.193390452876377,0.19663970130678282,1.0,0.966952264381885,0.9831985065339142
1,truthfulqa,1,eng,0.9694002447980417,0.9694002447980417,0.9694002447980417,0.9694002447980417,0.2,0.19388004895960834,0.1968924798011187,1.0,0.9694002447980417,0.9844623990055934
2,truthfulqa,2,eng,0.9791921664626683,0.9791921664626683,0.9791921664626683,0.9791921664626683,0.2,0.19583843329253364,0.19789734075448362,1.0,0.9791921664626683,0.9894867037724181
3,truthfulqa,3,eng,0.9632802937576499,0.9632802937576499,0.9632802937576499,0.9632802937576499,0.2,0.19265605875152997,0.19625935162094763,1.0,0.9632802937576499,0.9812967581047382
