index,dataset,prompt_id,prompt_lang,accuracy,micro_prec,micro_rec,micro_f1_score,macro_prec,macro_rec,macro_f1_score,weighted_prec,weighted_rec,weighted_f1_score
0,truthfulqa,0,eng,0.6866585067319462,0.6866585067319462,0.6866585067319462,0.6866585067319462,0.25,0.17166462668298654,0.20355587808417996,1.0,0.6866585067319462,0.8142235123367199
1,truthfulqa,1,eng,0.5826193390452876,0.5826193390452876,0.5826193390452876,0.5826193390452876,0.2,0.11652386780905752,0.14725444702242846,1.0,0.5826193390452876,0.7362722351121425
2,truthfulqa,2,eng,0.8861689106487148,0.8861689106487148,0.8861689106487148,0.8861689106487148,0.25,0.2215422276621787,0.23491239454899415,1.0,0.8861689106487148,0.9396495781959766
3,truthfulqa,3,eng,0.8739290085679314,0.8739290085679314,0.8739290085679314,0.8739290085679314,0.25,0.21848225214198286,0.23318092749836708,1.0,0.8739290085679314,0.9327237099934682
