index,dataset,prompt_id,prompt_lang,accuracy,micro_prec,micro_rec,micro_f1_score,macro_prec,macro_rec,macro_f1_score,weighted_prec,weighted_rec,weighted_f1_score
0,truthfulqa,0,eng,0.10281517747858017,0.10281517747858017,0.10281517747858017,0.10281517747858017,0.2,0.020563035495716035,0.03729189789123196,1.0,0.10281517747858017,0.1864594894561598
1,truthfulqa,1,eng,0.05263157894736842,0.05263157894736842,0.05263157894736842,0.05263157894736842,0.2,0.010526315789473684,0.02,1.0,0.05263157894736842,0.1
2,truthfulqa,2,eng,0.08567931456548347,0.08567931456548347,0.08567931456548347,0.08567931456548347,0.2,0.017135862913096694,0.03156708004509583,1.0,0.08567931456548347,0.15783540022547915
3,truthfulqa,3,eng,0.08690330477356181,0.08690330477356181,0.08690330477356181,0.08690330477356181,0.2,0.017380660954712364,0.03198198198198198,1.0,0.08690330477356181,0.15990990990990991
