index,dataset,prompt_id,prompt_lang,accuracy,micro_prec,micro_rec,micro_f1_score,macro_prec,macro_rec,macro_f1_score,weighted_prec,weighted_rec,weighted_f1_score
0,truthfulqa,0,ind,0.7870257037943696,0.7870257037943696,0.7870257037943696,0.7870257037943696,0.25,0.1967564259485924,0.2202054794520548,1.0,0.7870257037943696,0.8808219178082192
1,truthfulqa,1,ind,0.7649938800489596,0.7649938800489596,0.7649938800489596,0.7649938800489596,0.25,0.1912484700122399,0.2167128987517337,1.0,0.7649938800489596,0.8668515950069349
2,truthfulqa,2,ind,0.7821297429620563,0.7821297429620563,0.7821297429620563,0.7821297429620563,0.25,0.19553243574051407,0.21943681318681318,1.0,0.7821297429620563,0.8777472527472527
3,truthfulqa,3,ind,0.7417380660954712,0.7417380660954712,0.7417380660954712,0.7417380660954712,0.25,0.1854345165238678,0.2129304286718201,1.0,0.7417380660954712,0.8517217146872804
