index,dataset,prompt_id,prompt_lang,accuracy,micro_prec,micro_rec,micro_f1_score,macro_prec,macro_rec,macro_f1_score,weighted_prec,weighted_rec,weighted_f1_score
0,truthfulqa,0,ind,0.31946144430844553,0.31946144430844553,0.31946144430844553,0.31946144430844553,0.2,0.0638922888616891,0.09684601113172542,1.0,0.31946144430844553,0.4842300556586271
1,truthfulqa,1,ind,0.4479804161566707,0.4479804161566707,0.4479804161566707,0.4479804161566707,0.2,0.08959608323133414,0.12375316990701606,1.0,0.4479804161566707,0.6187658495350803
2,truthfulqa,2,ind,0.7980416156670747,0.7980416156670747,0.7980416156670747,0.7980416156670747,0.2,0.15960832313341494,0.1775357385976855,1.0,0.7980416156670747,0.8876786929884276
3,truthfulqa,3,ind,0.3243574051407589,0.3243574051407589,0.3243574051407589,0.3243574051407589,0.2,0.06487148102815178,0.09796672828096117,1.0,0.3243574051407589,0.4898336414048059
