index,dataset,prompt_id,prompt_lang,accuracy,micro_prec,micro_rec,micro_f1_score,macro_prec,macro_rec,macro_f1_score,weighted_prec,weighted_rec,weighted_f1_score
0,truthfulqa,0,eng,0.9314565483476133,0.9314565483476133,0.9314565483476133,0.9314565483476133,0.2,0.18629130966952265,0.19290240811153359,1.0,0.9314565483476133,0.9645120405576679
1,truthfulqa,1,eng,0.7894736842105263,0.7894736842105263,0.7894736842105263,0.7894736842105263,0.2,0.15789473684210525,0.1764705882352941,1.0,0.7894736842105263,0.8823529411764706
2,truthfulqa,2,eng,0.9485924112607099,0.9485924112607099,0.9485924112607099,0.9485924112607099,0.2,0.189718482252142,0.19472361809045227,1.0,0.9485924112607099,0.9736180904522613
3,truthfulqa,3,eng,0.9424724602203183,0.9424724602203183,0.9424724602203183,0.9424724602203183,0.2,0.18849449204406366,0.19407687460617518,1.0,0.9424724602203183,0.970384373030876
