index,dataset,prompt_id,prompt_lang,accuracy,micro_prec,micro_rec,micro_f1_score,macro_prec,macro_rec,macro_f1_score,weighted_prec,weighted_rec,weighted_f1_score
0,truthfulqa,0,ind,0.8971848225214198,0.8971848225214198,0.8971848225214198,0.8971848225214198,0.2,0.17943696450428398,0.18916129032258064,1.0,0.8971848225214198,0.9458064516129032
1,truthfulqa,1,ind,0.8408812729498164,0.8408812729498164,0.8408812729498164,0.8408812729498164,0.2,0.16817625458996327,0.18271276595744682,1.0,0.8408812729498164,0.913563829787234
2,truthfulqa,2,ind,0.8641370869033048,0.8641370869033048,0.8641370869033048,0.8641370869033048,0.2,0.17282741738066096,0.18542350623768877,1.0,0.8641370869033048,0.927117531188444
3,truthfulqa,3,ind,0.8800489596083231,0.8800489596083231,0.8800489596083231,0.8800489596083231,0.2,0.1760097919216646,0.18723958333333332,1.0,0.8800489596083231,0.9361979166666666
