index,dataset,prompt_id,prompt_lang,accuracy,micro_prec,micro_rec,micro_f1_score,macro_prec,macro_rec,macro_f1_score,weighted_prec,weighted_rec,weighted_f1_score
0,truthfulqa,0,ind,0.9694002447980417,0.9694002447980417,0.9694002447980417,0.9694002447980417,0.5,0.4847001223990208,0.49223119950279676,1.0,0.9694002447980417,0.9844623990055934
1,truthfulqa,1,ind,0.9902080783353733,0.9902080783353733,0.9902080783353733,0.9902080783353733,0.3333333333333333,0.33006935944512444,0.33169331693316934,1.0,0.9902080783353733,0.995079950799508
2,truthfulqa,2,ind,0.988984088127295,0.988984088127295,0.988984088127295,0.988984088127295,0.5,0.4944920440636475,0.49723076923076925,1.0,0.988984088127295,0.9944615384615385
3,truthfulqa,3,ind,0.9877600979192166,0.9877600979192166,0.9877600979192166,0.9877600979192166,0.5,0.4938800489596083,0.49692118226600984,1.0,0.9877600979192166,0.9938423645320197
