index,dataset,prompt_id,prompt_lang,accuracy,micro_prec,micro_rec,micro_f1_score,macro_prec,macro_rec,macro_f1_score,weighted_prec,weighted_rec,weighted_f1_score
0,truthfulqa,0,eng,0.7613219094247246,0.7613219094247246,0.7613219094247246,0.7613219094247246,0.2,0.1522643818849449,0.17289784572619876,1.0,0.7613219094247246,0.8644892286309936
1,truthfulqa,1,eng,0.8690330477356181,0.8690330477356181,0.8690330477356181,0.8690330477356181,0.2,0.17380660954712362,0.1859855926653569,1.0,0.8690330477356181,0.9299279633267845
2,truthfulqa,2,eng,0.9730722154222766,0.9730722154222766,0.9730722154222766,0.9730722154222766,0.2,0.19461444308445533,0.19727047146401985,1.0,0.9730722154222766,0.9863523573200993
3,truthfulqa,3,eng,0.8629130966952264,0.8629130966952264,0.8629130966952264,0.8629130966952264,0.2,0.17258261933904528,0.1852825229960578,1.0,0.8629130966952264,0.9264126149802892
