index,dataset,prompt_id,prompt_lang,accuracy,micro_prec,micro_rec,micro_f1_score,macro_prec,macro_rec,macro_f1_score,weighted_prec,weighted_rec,weighted_f1_score
0,truthfulqa,0,ind,0.9755201958384333,0.9755201958384333,0.9755201958384333,0.9755201958384333,0.3333333333333333,0.3251733986128111,0.3292028087567121,1.0,0.9755201958384333,0.9876084262701363
1,truthfulqa,1,ind,0.9828641370869033,0.9828641370869033,0.9828641370869033,0.9828641370869033,0.25,0.24571603427172584,0.2478395061728395,1.0,0.9828641370869033,0.991358024691358
2,truthfulqa,2,ind,0.988984088127295,0.988984088127295,0.988984088127295,0.988984088127295,0.25,0.24724602203182375,0.24861538461538463,1.0,0.988984088127295,0.9944615384615385
3,truthfulqa,3,ind,0.9951040391676866,0.9951040391676866,0.9951040391676866,0.9951040391676866,0.5,0.4975520195838433,0.49877300613496933,1.0,0.9951040391676866,0.9975460122699387
