index,dataset,prompt_id,prompt_lang,accuracy,micro_prec,micro_rec,micro_f1_score,macro_prec,macro_rec,macro_f1_score,weighted_prec,weighted_rec,weighted_f1_score
0,truthfulqa,0,eng,0.4418604651162791,0.4418604651162791,0.4418604651162791,0.4418604651162791,0.2,0.08837209302325581,0.12258064516129033,1.0,0.4418604651162791,0.6129032258064516
1,truthfulqa,1,eng,0.3990208078335373,0.3990208078335373,0.3990208078335373,0.3990208078335373,0.2,0.07980416156670747,0.11408573928258967,1.0,0.3990208078335373,0.5704286964129484
2,truthfulqa,2,eng,0.8518971848225214,0.8518971848225214,0.8518971848225214,0.8518971848225214,0.2,0.17037943696450428,0.18400528750826173,1.0,0.8518971848225214,0.9200264375413086
3,truthfulqa,3,eng,0.7294981640146879,0.7294981640146879,0.7294981640146879,0.7294981640146879,0.2,0.14589963280293758,0.16871903750884643,1.0,0.7294981640146879,0.8435951875442321
