index,dataset,prompt_id,prompt_lang,accuracy,micro_prec,micro_rec,micro_f1_score,macro_prec,macro_rec,macro_f1_score,weighted_prec,weighted_rec,weighted_f1_score
0,truthfulqa,0,ind,0.9424724602203183,0.9424724602203183,0.9424724602203183,0.9424724602203183,0.2,0.18849449204406366,0.19407687460617518,1.0,0.9424724602203183,0.970384373030876
1,truthfulqa,1,ind,0.8372093023255814,0.8372093023255814,0.8372093023255814,0.8372093023255814,0.2,0.16744186046511628,0.18227848101265823,1.0,0.8372093023255814,0.9113924050632912
2,truthfulqa,2,ind,0.9326805385556916,0.9326805385556916,0.9326805385556916,0.9326805385556916,0.2,0.18653610771113832,0.1930335655478151,1.0,0.9326805385556916,0.9651678277390754
3,truthfulqa,3,ind,0.847001223990208,0.847001223990208,0.847001223990208,0.847001223990208,0.2,0.1694002447980416,0.18343273691186218,1.0,0.847001223990208,0.9171636845593109
