index,dataset,prompt_id,prompt_lang,accuracy,micro_prec,micro_rec,micro_f1_score,macro_prec,macro_rec,macro_f1_score,weighted_prec,weighted_rec,weighted_f1_score
0,truthfulqa,0,eng,0.31946144430844553,0.31946144430844553,0.31946144430844553,0.31946144430844553,0.2,0.0638922888616891,0.09684601113172542,1.0,0.31946144430844553,0.4842300556586271
1,truthfulqa,1,eng,0.583843329253366,0.583843329253366,0.583843329253366,0.583843329253366,0.2,0.1167686658506732,0.1474497681607419,1.0,0.583843329253366,0.7372488408037094
2,truthfulqa,2,eng,0.7870257037943696,0.7870257037943696,0.7870257037943696,0.7870257037943696,0.2,0.15740514075887393,0.17616438356164382,1.0,0.7870257037943696,0.8808219178082192
3,truthfulqa,3,eng,0.4528763769889841,0.4528763769889841,0.4528763769889841,0.4528763769889841,0.2,0.09057527539779682,0.12468407750631845,1.0,0.4528763769889841,0.6234203875315922
