index,dataset,prompt_id,prompt_lang,accuracy,micro_prec,micro_rec,micro_f1_score,macro_prec,macro_rec,macro_f1_score,weighted_prec,weighted_rec,weighted_f1_score
0,truthfulqa,0,eng,0.7552019583843329,0.7552019583843329,0.7552019583843329,0.7552019583843329,0.2,0.1510403916768666,0.17210599721059971,1.0,0.7552019583843329,0.8605299860529986
1,truthfulqa,1,eng,0.7233782129742962,0.7233782129742962,0.7233782129742962,0.7233782129742962,0.2,0.14467564259485924,0.16789772727272728,1.0,0.7233782129742962,0.8394886363636364
2,truthfulqa,2,eng,0.813953488372093,0.813953488372093,0.813953488372093,0.813953488372093,0.2,0.16279069767441862,0.1794871794871795,1.0,0.813953488372093,0.8974358974358974
3,truthfulqa,3,eng,0.609547123623011,0.609547123623011,0.609547123623011,0.609547123623011,0.2,0.1219094247246022,0.1514828897338403,1.0,0.609547123623011,0.7574144486692015
