index,dataset,prompt_id,prompt_lang,accuracy,micro_prec,micro_rec,micro_f1_score,macro_prec,macro_rec,macro_f1_score,weighted_prec,weighted_rec,weighted_f1_score
0,truthfulqa,0,ind,0.9608323133414932,0.9608323133414932,0.9608323133414932,0.9608323133414932,0.2,0.19216646266829865,0.19600499375780273,1.0,0.9608323133414932,0.9800249687890137
1,truthfulqa,1,ind,0.9424724602203183,0.9424724602203183,0.9424724602203183,0.9424724602203183,0.2,0.18849449204406366,0.19407687460617518,1.0,0.9424724602203183,0.970384373030876
2,truthfulqa,2,ind,0.944920440636475,0.944920440636475,0.944920440636475,0.944920440636475,0.2,0.188984088127295,0.19433606041535556,1.0,0.944920440636475,0.9716803020767778
3,truthfulqa,3,ind,0.9645042839657283,0.9645042839657283,0.9645042839657283,0.9645042839657283,0.2,0.19290085679314567,0.19638629283489098,1.0,0.9645042839657283,0.9819314641744549
