index,dataset,prompt_id,prompt_lang,accuracy,micro_prec,micro_rec,micro_f1_score,macro_prec,macro_rec,macro_f1_score,weighted_prec,weighted_rec,weighted_f1_score
0,truthfulqa,0,eng,0.7197062423500612,0.7197062423500612,0.7197062423500612,0.7197062423500612,0.25,0.1799265605875153,0.2092526690391459,1.0,0.7197062423500612,0.8370106761565836
1,truthfulqa,1,eng,0.49938800489596086,0.49938800489596086,0.49938800489596086,0.49938800489596086,0.2,0.09987760097919217,0.13322448979591836,1.0,0.49938800489596086,0.6661224489795918
2,truthfulqa,2,eng,0.6046511627906976,0.6046511627906976,0.6046511627906976,0.6046511627906976,0.2,0.12093023255813953,0.15072463768115943,1.0,0.6046511627906976,0.7536231884057971
3,truthfulqa,3,eng,0.4455324357405141,0.4455324357405141,0.4455324357405141,0.4455324357405141,0.2,0.08910648714810282,0.12328535139712109,1.0,0.4455324357405141,0.6164267569856055
