index,dataset,prompt_id,prompt_lang,accuracy,micro_prec,micro_rec,micro_f1_score,macro_prec,macro_rec,macro_f1_score,weighted_prec,weighted_rec,weighted_f1_score
0,truthfulqa,0,eng,0.2484700122399021,0.2484700122399021,0.2484700122399021,0.2484700122399021,0.2,0.04969400244798042,0.0796078431372549,1.0,0.2484700122399021,0.3980392156862745
1,truthfulqa,1,eng,0.30354957160342716,0.30354957160342716,0.30354957160342716,0.30354957160342716,0.2,0.06070991432068543,0.09314553990610329,1.0,0.30354957160342716,0.46572769953051646
2,truthfulqa,2,eng,0.41982864137086906,0.41982864137086906,0.41982864137086906,0.41982864137086906,0.2,0.08396572827417381,0.11827586206896552,1.0,0.41982864137086906,0.5913793103448276
3,truthfulqa,3,eng,0.2864137086903305,0.2864137086903305,0.2864137086903305,0.2864137086903305,0.2,0.0572827417380661,0.089058039961941,1.0,0.2864137086903305,0.44529019980970497
