index,dataset,prompt_id,prompt_lang,accuracy,micro_prec,micro_rec,micro_f1_score,macro_prec,macro_rec,macro_f1_score,weighted_prec,weighted_rec,weighted_f1_score
0,truthfulqa,0,ind,0.2484700122399021,0.2484700122399021,0.2484700122399021,0.2484700122399021,0.2,0.04969400244798042,0.0796078431372549,1.0,0.2484700122399021,0.3980392156862745
1,truthfulqa,1,ind,0.31456548347613217,0.31456548347613217,0.31456548347613217,0.31456548347613217,0.2,0.06291309669522643,0.0957169459962756,1.0,0.31456548347613217,0.47858472998137797
2,truthfulqa,2,ind,0.41003671970624234,0.41003671970624234,0.41003671970624234,0.41003671970624234,0.2,0.08200734394124846,0.11631944444444445,1.0,0.41003671970624234,0.5815972222222222
3,truthfulqa,3,ind,0.27539779681762544,0.27539779681762544,0.27539779681762544,0.27539779681762544,0.2,0.055079559363525085,0.08637236084452975,1.0,0.27539779681762544,0.43186180422264875
