index,dataset,prompt_id,prompt_lang,accuracy,micro_prec,micro_rec,micro_f1_score,macro_prec,macro_rec,macro_f1_score,weighted_prec,weighted_rec,weighted_f1_score
0,truthfulqa,0,ind,0.6523867809057528,0.6523867809057528,0.6523867809057528,0.6523867809057528,0.25,0.1630966952264382,0.19740740740740742,1.0,0.6523867809057528,0.7896296296296297
1,truthfulqa,1,ind,0.6523867809057528,0.6523867809057528,0.6523867809057528,0.6523867809057528,0.25,0.1630966952264382,0.19740740740740742,1.0,0.6523867809057528,0.7896296296296297
2,truthfulqa,2,ind,0.6597307221542228,0.6597307221542228,0.6597307221542228,0.6597307221542228,0.25,0.1649326805385557,0.1987463126843658,1.0,0.6597307221542228,0.7949852507374632
3,truthfulqa,3,ind,0.7258261933904528,0.7258261933904528,0.7258261933904528,0.7258261933904528,0.25,0.1814565483476132,0.2102836879432624,1.0,0.7258261933904528,0.8411347517730496
