index,dataset,prompt_id,prompt_lang,accuracy,micro_prec,micro_rec,micro_f1_score,macro_prec,macro_rec,macro_f1_score,weighted_prec,weighted_rec,weighted_f1_score
0,truthfulqa,0,eng,0.9424724602203183,0.9424724602203183,0.9424724602203183,0.9424724602203183,0.2,0.18849449204406366,0.19407687460617518,1.0,0.9424724602203183,0.970384373030876
1,truthfulqa,1,eng,0.8151774785801713,0.8151774785801713,0.8151774785801713,0.8151774785801713,0.2,0.16303549571603426,0.1796358732299393,1.0,0.8151774785801713,0.8981793661496965
2,truthfulqa,2,eng,0.8678090575275398,0.8678090575275398,0.8678090575275398,0.8678090575275398,0.2,0.17356181150550795,0.18584534731323724,1.0,0.8678090575275398,0.9292267365661862
3,truthfulqa,3,eng,0.8653610771113831,0.8653610771113831,0.8653610771113831,0.8653610771113831,0.2,0.17307221542227663,0.18556430446194225,1.0,0.8653610771113831,0.9278215223097113
