index,dataset,prompt_id,prompt_lang,accuracy,micro_prec,micro_rec,micro_f1_score,macro_prec,macro_rec,macro_f1_score,weighted_prec,weighted_rec,weighted_f1_score
0,truthfulqa,0,eng,0.8237454100367197,0.8237454100367197,0.8237454100367197,0.8237454100367197,0.2,0.16474908200734395,0.1806711409395973,1.0,0.8237454100367197,0.9033557046979865
1,truthfulqa,1,eng,0.7111383108935129,0.7111383108935129,0.7111383108935129,0.7111383108935129,0.2,0.14222766217870259,0.16623748211731043,1.0,0.7111383108935129,0.8311874105865522
2,truthfulqa,2,eng,0.6988984088127295,0.6988984088127295,0.6988984088127295,0.6988984088127295,0.2,0.1397796817625459,0.16455331412103746,1.0,0.6988984088127295,0.8227665706051873
3,truthfulqa,3,eng,0.7796817625458996,0.7796817625458996,0.7796817625458996,0.7796817625458996,0.2,0.15593635250917992,0.17524071526822557,1.0,0.7796817625458996,0.8762035763411279
