index,dataset,prompt_id,prompt_lang,accuracy,micro_prec,micro_rec,micro_f1_score,macro_prec,macro_rec,macro_f1_score,weighted_prec,weighted_rec,weighted_f1_score
0,truthfulqa,0,ind,0.5373317013463892,0.5373317013463892,0.5373317013463892,0.5373317013463892,0.2,0.10746634026927784,0.13980891719745223,1.0,0.5373317013463892,0.6990445859872613
1,truthfulqa,1,ind,0.773561811505508,0.773561811505508,0.773561811505508,0.773561811505508,0.2,0.15471236230110158,0.17446514837819185,1.0,0.773561811505508,0.8723257418909592
2,truthfulqa,2,ind,0.8090575275397797,0.8090575275397797,0.8090575275397797,0.8090575275397797,0.2,0.16181150550795592,0.17889039242219215,1.0,0.8090575275397797,0.8944519621109608
3,truthfulqa,3,ind,0.7454100367197063,0.7454100367197063,0.7454100367197063,0.7454100367197063,0.2,0.14908200734394125,0.1708274894810659,1.0,0.7454100367197063,0.8541374474053297
