index,dataset,prompt_id,prompt_lang,accuracy,micro_prec,micro_rec,micro_f1_score,macro_prec,macro_rec,macro_f1_score,weighted_prec,weighted_rec,weighted_f1_score
0,truthfulqa,0,eng,0.9608323133414932,0.9608323133414932,0.9608323133414932,0.9608323133414932,0.2,0.19216646266829865,0.19600499375780273,1.0,0.9608323133414932,0.9800249687890137
1,truthfulqa,1,eng,0.9657282741738066,0.9657282741738066,0.9657282741738066,0.9657282741738066,0.2,0.19314565483476132,0.19651307596513076,1.0,0.9657282741738066,0.982565379825654
2,truthfulqa,2,eng,0.9865361077111383,0.9865361077111383,0.9865361077111383,0.9865361077111383,0.25,0.24663402692778458,0.24830560690080097,1.0,0.9865361077111383,0.9932224276032039
3,truthfulqa,3,eng,0.9718482252141983,0.9718482252141983,0.9718482252141983,0.9718482252141983,0.2,0.19436964504283966,0.19714463066418372,1.0,0.9718482252141983,0.9857231533209186
