index,dataset,prompt_id,prompt_lang,accuracy,micro_prec,micro_rec,micro_f1_score,macro_prec,macro_rec,macro_f1_score,weighted_prec,weighted_rec,weighted_f1_score
0,truthfulqa,0,eng,0.6523867809057528,0.6523867809057528,0.6523867809057528,0.6523867809057528,0.25,0.1630966952264382,0.19740740740740742,1.0,0.6523867809057528,0.7896296296296297
1,truthfulqa,1,eng,0.7723378212974297,0.7723378212974297,0.7723378212974297,0.7723378212974297,0.5,0.38616891064871484,0.43577348066298344,1.0,0.7723378212974297,0.8715469613259669
2,truthfulqa,2,eng,0.7062423500611995,0.7062423500611995,0.7062423500611995,0.7062423500611995,0.25,0.17656058751529988,0.2069583931133429,1.0,0.7062423500611995,0.8278335724533716
3,truthfulqa,3,eng,0.8041615667074663,0.8041615667074663,0.8041615667074663,0.8041615667074663,0.3333333333333333,0.26805385556915545,0.29715061058344644,1.0,0.8041615667074663,0.8914518317503393
