index,dataset,prompt_id,prompt_lang,accuracy,micro_prec,micro_rec,micro_f1_score,macro_prec,macro_rec,macro_f1_score,weighted_prec,weighted_rec,weighted_f1_score
0,truthfulqa,0,ind,0.7613219094247246,0.7613219094247246,0.7613219094247246,0.7613219094247246,0.2,0.1522643818849449,0.17289784572619876,1.0,0.7613219094247246,0.8644892286309936
1,truthfulqa,1,ind,0.9045287637698899,0.9045287637698899,0.9045287637698899,0.9045287637698899,0.2,0.18090575275397797,0.18997429305912597,1.0,0.9045287637698899,0.9498714652956298
2,truthfulqa,2,ind,0.9767441860465116,0.9767441860465116,0.9767441860465116,0.9767441860465116,0.25,0.2441860465116279,0.24705882352941178,1.0,0.9767441860465116,0.988235294117647
3,truthfulqa,3,ind,0.8678090575275398,0.8678090575275398,0.8678090575275398,0.8678090575275398,0.2,0.17356181150550795,0.18584534731323724,1.0,0.8678090575275398,0.9292267365661862
