index,dataset,prompt_id,prompt_lang,accuracy,micro_prec,micro_rec,micro_f1_score,macro_prec,macro_rec,macro_f1_score,weighted_prec,weighted_rec,weighted_f1_score
0,truthfulqa,0,eng,0.7870257037943696,0.7870257037943696,0.7870257037943696,0.7870257037943696,0.25,0.1967564259485924,0.2202054794520548,1.0,0.7870257037943696,0.8808219178082192
1,truthfulqa,1,eng,0.7833537331701347,0.7833537331701347,0.7833537331701347,0.7833537331701347,0.25,0.19583843329253367,0.21962937542896363,1.0,0.7833537331701347,0.8785175017158544
2,truthfulqa,2,eng,0.7368421052631579,0.7368421052631579,0.7368421052631579,0.7368421052631579,0.25,0.18421052631578946,0.21212121212121213,1.0,0.7368421052631579,0.8484848484848485
3,truthfulqa,3,eng,0.8531211750305998,0.8531211750305998,0.8531211750305998,0.8531211750305998,0.25,0.21328029375764995,0.23018494055482167,1.0,0.8531211750305998,0.9207397622192867
