index,dataset,prompt_id,prompt_lang,accuracy,micro_prec,micro_rec,micro_f1_score,macro_prec,macro_rec,macro_f1_score,weighted_prec,weighted_rec,weighted_f1_score
0,truthfulqa,0,eng,0.99265605875153,0.99265605875153,0.99265605875153,0.99265605875153,0.25,0.2481640146878825,0.24907862407862408,1.0,0.99265605875153,0.9963144963144963
1,truthfulqa,1,eng,0.9914320685434517,0.9914320685434517,0.9914320685434517,0.9914320685434517,0.25,0.24785801713586292,0.24892440073755379,1.0,0.9914320685434517,0.9956976029502151
2,truthfulqa,2,eng,0.9902080783353733,0.9902080783353733,0.9902080783353733,0.9902080783353733,0.25,0.24755201958384332,0.248769987699877,1.0,0.9902080783353733,0.995079950799508
3,truthfulqa,3,eng,0.9902080783353733,0.9902080783353733,0.9902080783353733,0.9902080783353733,0.25,0.24755201958384332,0.248769987699877,1.0,0.9902080783353733,0.995079950799508
