index,dataset,prompt_id,prompt_lang,accuracy,micro_prec,micro_rec,micro_f1_score,macro_prec,macro_rec,macro_f1_score,weighted_prec,weighted_rec,weighted_f1_score
0,truthfulqa,0,ind,0.6866585067319462,0.6866585067319462,0.6866585067319462,0.6866585067319462,0.25,0.17166462668298654,0.20355587808417996,1.0,0.6866585067319462,0.8142235123367199
1,truthfulqa,1,ind,0.795593635250918,0.795593635250918,0.795593635250918,0.795593635250918,0.25,0.1988984088127295,0.22154055896387184,1.0,0.795593635250918,0.8861622358554874
2,truthfulqa,2,ind,0.8335373317013464,0.8335373317013464,0.8335373317013464,0.8335373317013464,0.25,0.2083843329253366,0.2273030707610147,1.0,0.8335373317013464,0.9092122830440588
3,truthfulqa,3,ind,0.824969400244798,0.824969400244798,0.824969400244798,0.824969400244798,0.25,0.2062423500611995,0.2260228034875922,1.0,0.824969400244798,0.9040912139503688
