index,dataset,prompt_id,prompt_lang,accuracy,micro_prec,micro_rec,micro_f1_score,macro_prec,macro_rec,macro_f1_score,weighted_prec,weighted_rec,weighted_f1_score
0,truthfulqa,0,ind,0.9914320685434517,0.9914320685434517,0.9914320685434517,0.9914320685434517,0.25,0.24785801713586292,0.24892440073755379,1.0,0.9914320685434517,0.9956976029502151
1,truthfulqa,1,ind,0.9645042839657283,0.9645042839657283,0.9645042839657283,0.9645042839657283,0.25,0.24112607099143207,0.24548286604361372,1.0,0.9645042839657283,0.9819314641744549
2,truthfulqa,2,ind,0.9228886168910648,0.9228886168910648,0.9228886168910648,0.9228886168910648,0.2,0.18457772337821296,0.1919796308084023,1.0,0.9228886168910648,0.9598981540420116
3,truthfulqa,3,ind,0.9498164014687882,0.9498164014687882,0.9498164014687882,0.9498164014687882,0.25,0.23745410036719705,0.24356559949780288,1.0,0.9498164014687882,0.9742623979912115
