index,dataset,prompt_id,prompt_lang,accuracy,micro_prec,micro_rec,micro_f1_score,macro_prec,macro_rec,macro_f1_score,weighted_prec,weighted_rec,weighted_f1_score
0,truthfulqa,0,ind,0.9975520195838433,0.9975520195838433,0.9975520195838433,0.9975520195838433,0.5,0.49877600979192166,0.4993872549019608,1.0,0.9975520195838433,0.9987745098039217
1,truthfulqa,1,ind,0.9828641370869033,0.9828641370869033,0.9828641370869033,0.9828641370869033,0.25,0.24571603427172584,0.2478395061728395,1.0,0.9828641370869033,0.991358024691358
2,truthfulqa,2,ind,0.9314565483476133,0.9314565483476133,0.9314565483476133,0.9314565483476133,0.25,0.23286413708690332,0.24112801013941698,1.0,0.9314565483476133,0.9645120405576679
3,truthfulqa,3,ind,0.9791921664626683,0.9791921664626683,0.9791921664626683,0.9791921664626683,0.2,0.19583843329253364,0.19789734075448362,1.0,0.9791921664626683,0.9894867037724181
