index,dataset,prompt_id,prompt_lang,accuracy,micro_prec,micro_rec,micro_f1_score,macro_prec,macro_rec,macro_f1_score,weighted_prec,weighted_rec,weighted_f1_score
0,truthfulqa,0,ind,0.10281517747858017,0.10281517747858017,0.10281517747858017,0.10281517747858017,0.2,0.020563035495716035,0.03729189789123196,1.0,0.10281517747858017,0.1864594894561598
1,truthfulqa,1,ind,0.09179926560587515,0.09179926560587515,0.09179926560587515,0.09179926560587515,0.2,0.01835985312117503,0.033632286995515695,1.0,0.09179926560587515,0.1681614349775785
2,truthfulqa,2,ind,0.18482252141982863,0.18482252141982863,0.18482252141982863,0.18482252141982863,0.2,0.03696450428396573,0.062396694214876036,1.0,0.18482252141982863,0.3119834710743802
3,truthfulqa,3,ind,0.10281517747858017,0.10281517747858017,0.10281517747858017,0.10281517747858017,0.2,0.020563035495716035,0.03729189789123196,1.0,0.10281517747858017,0.1864594894561598
