index,dataset,prompt_id,prompt_lang,accuracy,micro_prec,micro_rec,micro_f1_score,macro_prec,macro_rec,macro_f1_score,weighted_prec,weighted_rec,weighted_f1_score
0,truthfulqa,0,ind,0.4504283965728274,0.4504283965728274,0.4504283965728274,0.4504283965728274,0.2,0.09008567931456549,0.12421940928270044,1.0,0.4504283965728274,0.6210970464135022
1,truthfulqa,1,ind,0.41003671970624234,0.41003671970624234,0.41003671970624234,0.41003671970624234,0.2,0.08200734394124846,0.11631944444444445,1.0,0.41003671970624234,0.5815972222222222
2,truthfulqa,2,ind,0.6364749082007344,0.6364749082007344,0.6364749082007344,0.6364749082007344,0.2,0.12729498164014688,0.15557217651458488,1.0,0.6364749082007344,0.7778608825729244
3,truthfulqa,3,ind,0.5667074663402693,0.5667074663402693,0.5667074663402693,0.5667074663402693,0.2,0.11334149326805384,0.1446875,1.0,0.5667074663402693,0.7234375
